<?xml version='1.0' encoding='UTF-8'?>
<?artifactRepository version='1.1.0'?>
<repository name='file:/Users/jbyrnes/workspace/AnypointStudio/hello-world-connector/target/update-site/ - artifacts' type='org.eclipse.equinox.p2.artifact.repository.simpleRepository' version='1'>
  <properties size='2'>
    <property name='p2.timestamp' value='1419355659909'/>
    <property name='p2.compressed' value='false'/>
  </properties>
  <mappings size='3'>
    <rule filter='(&amp; (classifier=osgi.bundle))' output='${repoUrl}/plugins/${id}_${version}.jar'/>
    <rule filter='(&amp; (classifier=binary))' output='${repoUrl}/binary/${id}_${version}'/>
    <rule filter='(&amp; (classifier=org.eclipse.update.feature))' output='${repoUrl}/features/${id}_${version}.jar'/>
  </mappings>
  <artifacts size='2'>
    <artifact classifier='org.eclipse.update.feature' id='org.mule.tooling.ui.extension.hello-world-connector.3.5.0' version='1.0.0.201412231227'>
      <properties size='4'>
        <property name='artifact.size' value='9863'/>
        <property name='download.size' value='9863'/>
        <property name='download.md5' value='5f739bfe724bc0dbe5cb362ab1465956'/>
        <property name='download.contentType' value='application/zip'/>
      </properties>
    </artifact>
    <artifact classifier='osgi.bundle' id='org.mule.tooling.ui.contribution.hello-world.3.5.0' version='1.0.0.201412231227'>
      <properties size='3'>
        <property name='artifact.size' value='212200'/>
        <property name='download.size' value='212200'/>
        <property name='download.md5' value='3969559303894929bbbfb00d3b911b29'/>
      </properties>
    </artifact>
  </artifacts>
</repository>
